<?xml version="1.0" encoding="utf-16"?>
<FileListType xmlns:xsi="http://www.w3.org/2001/XMLSchema-instance" xmlns:xsd="http://www.w3.org/2001/XMLSchema">
	<FilePaths />
	<UniqueFileNames>
		<string>NeonOcean.S4.Refer.archive</string>
		<string>NeonOcean.S4.Refer-License.html</string>
		<string>NeonOcean.S4.Refer-NeonOcean-Load-Order.json</string>
		<string>NeonOcean.S4.Refer-NeonOcean-Mod.json</string>
		<string>NeonOcean.S4.Refer-Package.package</string>
		<string>NeonOcean.S4.Refer-Uninstall-Files.txt</string>
		<string>NeonOcean.S4.Refer-Uninstall.exe</string>
		<string>NeonOcean.S4.Refer-Uninstall.exe.config</string>
	</UniqueFileNames>
</FileListType>