<?xml version="1.0" encoding="utf-8"?>
<I n="NeonOcean_S4_Global_Interactions_Support_NeonOcean" s="2593110649353683091" i="interaction" m="NeonOcean.S4.Main.Interactions.Global" c="SupportNeonOceanInteraction">
	<T n="display_name">2315556564</T>
	<T n="category">4719607191068539616<!--PieMenuCategory: NeonOcean_S4_Global_Interaction_Categories_NeonOcean--></T>
	<V n="_saveable" t="disabled" />
	<L n="basic_extras">
		<V t="do_command">
			<U n="do_command">
				<T n="command">neonocean.s4.main.global.support_neonocean</T>
			</U>
		</V>
	</L>
	<V n="pie_menu_icon" t="enabled">
		<V n="enabled" t="resource_key">
			<U n="resource_key">
				<T n="key">00B2D882:00000000:411047F7226C5021</T>
			</U>
		</V>
	</V>
	<T n="pie_menu_priority">5</T>
	<L n="ObjectRegistrationInformation">
		<V t="byType">
			<U n="byType">
				<L n="Types">
					<T>Humans</T>
				</L>
			</U>
		</V>
	</L>
</I>