<?xml version="1.0" encoding="utf-8"?>
<I n="NeonOcean_S4_Refer_Interactions_Standard_Visit_Mod_Page" s="4110989552166892021" i="interaction" m="NeonOcean.S4.Refer.Interactions.Standard" c="VisitModPageInteraction">
	<T n="display_name">1192666996</T>
	<T n="category">5245337334449623996<!--PieMenuCategory: NeonOcean_S4_Cycle_Interaction_Categories_Cycle--></T>
	<V n="_saveable" t="disabled" />
	<L n="basic_extras">
		<V t="do_command">
			<U n="do_command">
				<T n="command">neonocean.s4.refer.standard.visit_mod_page</T>
			</U>
		</V>
	</L>
	<V n="pie_menu_icon" t="enabled">
		<V n="enabled" t="resource_key">
			<U n="resource_key">
				<T n="key">00B2D882:00000000:AEC0DD619693B0A0</T>
			</U>
		</V>
	</V>
	<L n="ObjectRegistrationInformation">
		<V t="byType">
			<U n="byType">
				<L n="Types">
					<T>Humans</T>
				</L>
			</U>
		</V>
	</L>
</I>