<?xml version="1.0" encoding="utf-8"?>
<I n="NeonOcean_S4_Cycle_Interactions_Purchase_Contraceptives_Purchase_With_Mailbox" s="10651056623191560309" i="interaction" m="NeonOcean.S4.Cycle.Interactions.PurchaseContraceptives" c="PurchaseWithMailboxInteraction">
	<T n="display_name">0x54C17AB4</T>
	<V n="_saveable" t="disabled" />
	<V n="pie_menu_icon" t="enabled">
		<V n="enabled" t="resource_key">
			<U n="resource_key">
				<T n="key" p="InGame\UI\Icons\PieMenu\Interactions\icon_pieMenu_immediateInteraction.png">2f7d0004:00000000:25eea5cdba6a6fd6</T>
			</U>
		</V>
	</V>
	<U n="progress_bar_enabled">
		<T n="bar_enabled">False</T>
	</U>
	<L n="test_globals">
		<V t="sim_info">
			<U n="sim_info">
				<V n="ages" t="specified">
					<L n="specified">
						<E>TEEN</E>
						<E>YOUNGADULT</E>
						<E>ADULT</E>
						<E>ELDER</E>
					</L>
				</V>
				<V n="species" t="specified">
					<U n="specified">
						<L n="species">
							<E />
						</L>
					</U>
				</V>
				<E n="who">Actor</E>
			</U>
		</V>
	</L>
	<V n="picker_dialog" t="purchase_picker">
		<U n="purchase_picker">
			<E n="dialog_style">DEFAULT</E>
			<T n="hide_row_description">True</T>
			<T n="is_sortable">True</T>
			<V n="max_selectable" t="unlimited" />
			<E n="row_description_display">NO_DESCRIPTION</E>
		</U>
	</V>
	<L n="purchase_list_option">
		<V t="specific_items">
			<U n="specific_items">
				<L n="item_list">
					<T>14480569499002809959</T>
				</L>
			</U>
		</V>
	</L>
	<U n="InventoryDelivery">
		<E n="participant_type">Actor</E>
	</U>
	<V n="InventoryDeliveryNotification" t="enabled">
		<V n="enabled" t="literal">
			<U n="literal">
				<V n="icon" t="enabled">
					<V n="enabled" t="participant">
						<U n="participant">
							<L n="participant_type">
								<E>Object</E>
							</L>
						</U>
					</V>
				</V>
				<V n="secondary_icon" t="enabled">
					<V n="enabled" t="participant" />
				</V>
				<V n="text" t="single">
					<T n="single">0x42E227C0</T>
				</V>
				<V n="text_tokens" t="enabled">
					<U n="enabled">
						<L n="tokens">
							<V t="participant_type">
								<U n="participant_type">
									<V n="objects" t="from_participant">
										<U n="from_participant">
											<E n="participant">Actor</E>
										</U>
									</V>
								</U>
							</V>
						</L>
					</U>
				</V>
				<E n="visual_type">SPEECH</E>
			</U>
		</V>
	</V>
	<V n="MailDeliveryNotification" t="enabled">
		<V n="enabled" t="literal">
			<U n="literal">
				<V n="icon" t="enabled">
					<V n="enabled" t="participant">
						<U n="participant">
							<L n="participant_type">
								<E>Object</E>
							</L>
						</U>
					</V>
				</V>
				<V n="secondary_icon" t="enabled">
					<V n="enabled" t="participant" />
				</V>
				<V n="text" t="single">
					<T n="single">0xB316E269</T>
				</V>
				<V n="text_tokens" t="enabled">
					<U n="enabled">
						<L n="tokens">
							<V t="participant_type">
								<U n="participant_type">
									<V n="objects" t="from_participant">
										<U n="from_participant">
											<E n="participant">Actor</E>
										</U>
									</V>
								</U>
							</V>
						</L>
					</U>
				</V>
				<E n="visual_type">SPEECH</E>
			</U>
		</V>
	</V>
	<L n="ObjectRegistrationInformation">
		<V t="byType">
			<U n="byType">
				<L n="Types">
					<T>Mailboxes</T>
				</L>
			</U>
		</V>
	</L>
</I>