<?xml version="1.0" encoding="utf-8"?>
<I n="NeonOcean_S4_Debug_STBL_System_Identifiers" s="16357755639433845350" i="snippet" m="snippets" c="NeonoceanS4GlobalLanguageIdentifiers">
	<L n="value">
		<U>
			<T n="key">NeonOcean.S4.Debug.Debug.Write_Failure_Notification.Text</T>
			<T n="value">3445268442</T>
		</U>
		<U>
			<T n="key">NeonOcean.S4.Debug.Debug.Write_Failure_Notification.Title</T>
			<T n="value">4217606916</T>
		</U>
		<U>
			<T n="key">NeonOcean.S4.Debug.Interaction_Categories.Debug</T>
			<T n="value">2118578293</T>
		</U>
		<U>
			<T n="key">NeonOcean.S4.Debug.Interactions.Settings.Mod_Settings.Display_Name</T>
			<T n="value">1849235357</T>
		</U>
		<U>
			<T n="key">NeonOcean.S4.Debug.Interactions.Standard.About_Mod.Display_Name</T>
			<T n="value">2710031776</T>
		</U>
		<U>
			<T n="key">NeonOcean.S4.Debug.Interactions.Standard.Documentation.Display_Name</T>
			<T n="value">2821018436</T>
		</U>
		<U>
			<T n="key">NeonOcean.S4.Debug.Interactions.Standard.Reset.Display_Name</T>
			<T n="value">3176452547</T>
		</U>
		<U>
			<T n="key">NeonOcean.S4.Debug.Interactions.Standard.Visit_Mod_Page.Display_Name</T>
			<T n="value">3680294701</T>
		</U>
		<U>
			<T n="key">NeonOcean.S4.Debug.Mod_Settings.List.Path_Title.Root</T>
			<T n="value">407835209</T>
		</U>
		<U>
			<T n="key">NeonOcean.S4.Debug.Mod_Settings.List.Paths.Root.Description</T>
			<T n="value">1984015036</T>
		</U>
		<U>
			<T n="key">NeonOcean.S4.Debug.Mod_Settings.List.Title</T>
			<T n="value">3463480375</T>
		</U>
		<U>
			<T n="key">NeonOcean.S4.Debug.Settings.Types.Boolean.Yes_No.False</T>
			<T n="value">3677437327</T>
		</U>
		<U>
			<T n="key">NeonOcean.S4.Debug.Settings.Types.Boolean.Yes_No.True</T>
			<T n="value">2353016819</T>
		</U>
		<U>
			<T n="key">NeonOcean.S4.Debug.Settings.Types.File_Size.Disabled_Template</T>
			<T n="value">2210837251</T>
		</U>
		<U>
			<T n="key">NeonOcean.S4.Debug.Settings.Types.File_Size.Megabyte_Template</T>
			<T n="value">3935848412</T>
		</U>
		<U>
			<T n="key">NeonOcean.S4.Debug.Settings.Types.LogLevels.Debug</T>
			<T n="value">1942598770</T>
		</U>
		<U>
			<T n="key">NeonOcean.S4.Debug.Settings.Types.LogLevels.Error</T>
			<T n="value">1289385637</T>
		</U>
		<U>
			<T n="key">NeonOcean.S4.Debug.Settings.Types.LogLevels.Exception</T>
			<T n="value">3516760786</T>
		</U>
		<U>
			<T n="key">NeonOcean.S4.Debug.Settings.Types.LogLevels.Info</T>
			<T n="value">3893653617</T>
		</U>
		<U>
			<T n="key">NeonOcean.S4.Debug.Settings.Types.LogLevels.Warning</T>
			<T n="value">626226195</T>
		</U>
		<U>
			<T n="key">NeonOcean.S4.Debug.Settings.Types.Time.Second_Template</T>
			<T n="value">1428627364</T>
		</U>
		<U>
			<T n="key">NeonOcean.S4.Debug.Mod_Settings.Values.Log_Interval.Description</T>
			<T n="value">4071580620</T>
		</U>
		<U>
			<T n="key">NeonOcean.S4.Debug.Mod_Settings.Values.Log_Interval.Name</T>
			<T n="value">1325631112</T>
		</U>
		<U>
			<T n="key">NeonOcean.S4.Debug.Mod_Settings.Values.Log_Level.Description</T>
			<T n="value">4030352865</T>
		</U>
		<U>
			<T n="key">NeonOcean.S4.Debug.Mod_Settings.Values.Log_Level.Name</T>
			<T n="value">3493410752</T>
		</U>
		<U>
			<T n="key">NeonOcean.S4.Debug.Mod_Settings.Values.Log_Size_Limit.Description</T>
			<T n="value">2813498124</T>
		</U>
		<U>
			<T n="key">NeonOcean.S4.Debug.Mod_Settings.Values.Log_Size_Limit.Name</T>
			<T n="value">592397112</T>
		</U>
		<U>
			<T n="key">NeonOcean.S4.Debug.Mod_Settings.Values.Logging_Enabled.Description</T>
			<T n="value">3389084731</T>
		</U>
		<U>
			<T n="key">NeonOcean.S4.Debug.Mod_Settings.Values.Logging_Enabled.Name</T>
			<T n="value">1484912679</T>
		</U>
		<U>
			<T n="key">NeonOcean.S4.Debug.Mod_Settings.Values.Write_Chronological.Description</T>
			<T n="value">4095865771</T>
		</U>
		<U>
			<T n="key">NeonOcean.S4.Debug.Mod_Settings.Values.Write_Chronological.Name</T>
			<T n="value">1853319079</T>
		</U>
		<U>
			<T n="key">NeonOcean.S4.Debug.Mod_Settings.Values.Write_Groups.Description</T>
			<T n="value">2896459538</T>
		</U>
		<U>
			<T n="key">NeonOcean.S4.Debug.Mod_Settings.Values.Write_Groups.Name</T>
			<T n="value">3345486662</T>
		</U>
	</L>
</I>