<?xml version="1.0" encoding="utf-16"?>
<FileListType xmlns:xsi="http://www.w3.org/2001/XMLSchema-instance" xmlns:xsd="http://www.w3.org/2001/XMLSchema">
	<FilePaths />
	<UniqueFileNames>
		<string>NeonOcean.S4.Cycle.archive</string>
		<string>NeonOcean.S4.Cycle-Debug-Package.package</string>
		<string>NeonOcean.S4.Cycle-Gameplay-Package.package</string>
		<string>NeonOcean.S4.Cycle-License.html</string>
		<string>NeonOcean.S4.Cycle-NeonOcean-Load-Order.json</string>
		<string>NeonOcean.S4.Cycle-NeonOcean-Mod.json</string>
		<string>NeonOcean.S4.Cycle-System-Package.package</string>
		<string>NeonOcean.S4.Cycle-Uninstall-Files.txt</string>
		<string>NeonOcean.S4.Cycle-Uninstall.exe</string>
		<string>NeonOcean.S4.Cycle-Uninstall.exe.config</string>
	</UniqueFileNames>
</FileListType>