<?xml version="1.0" encoding="utf-8"?>
<I n="NeonOcean_S4_Main_Interactions_Standard_About_Mod" s="17419075178117566614" i="interaction" m="NeonOcean.S4.Main.Interactions.Standard" c="AboutModInteraction">
	<T n="display_name">2770357462</T>
	<T n="category">12549383167398389681<!--PieMenuCategory: NeonOcean_S4_Main_Interaction_Categories_Main--></T>
	<V n="_saveable" t="disabled" />
	<L n="basic_extras">
		<V t="do_command">
			<U n="do_command">
				<T n="command">neonocean.s4.main.standard.about_mod</T>
			</U>
		</V>
	</L>
	<L n="ObjectRegistrationInformation">
		<V t="byType">
			<U n="byType">
				<L n="Types">
					<T>Humans</T>
				</L>
			</U>
		</V>
	</L>
</I>