<?xml version="1.0" encoding="utf-8"?>
<I n="NeonOcean_S4_Cycle_Buffs_Menstrual_PMS_Mood_Swing_Happy_Very_Rare" s="15606514312717087442" i="buff" m="NeonOcean.S4.Cycle.Buffs.Menstrual" c="PMSMenstrualBuff">
	<T n="buff_name">0x1F3FB95B</T>
	<T n="buff_description">0x251E9C93</T>
	<T n="icon" p="InGame\UI\Icons\Buffs\buffs_aroundbuddies.png">2F7D0004:00000000:123CBF2467168789</T>
	<V n="_temporary_commodity_info" t="enabled">
		<U n="enabled">
			<L n="categories">
				<E>Happy_Buffs</E>
			</L>
			<T n="max_duration">180</T>
		</U>
	</V>
	<T n="mood_type">14640<!--Mood: Mood_Happy--></T>
	<T n="mood_weight">3</T>
	<T n="audio_sting_on_add" p="InGame\Audio\Stings\sting_buff_gain.propx">39B2AA4A:00000000:8AF8B916CF64C646</T>
	<T n="audio_sting_on_remove" p="InGame\Audio\Stings\sting_buff_loss.propx">39B2AA4A:00000000:3BF33216A25546EA</T>
	<V n="_add_test_set" t="tests_set">
		<L n="tests_set">
			<L>
				<V t="buff">
					<U n="buff">
						<L n="blacklist">
							<T>16693828591356055058<!--Buff: NeonOcean_S4_Cycle_Buffs_Menstrual_PMS_Mood_Swing_Angry_Rare--></T>
							<T>13705755352367298131<!--Buff: NeonOcean_S4_Cycle_Buffs_Menstrual_PMS_Mood_Swing_Angry_Very_Rare--></T>
							<T>16723991887190861467<!--Buff: NeonOcean_S4_Cycle_Buffs_Menstrual_PMS_Mood_Swing_Sad_Rare--></T>
							<T>2138574686335215014<!--Buff: NeonOcean_S4_Cycle_Buffs_Menstrual_PMS_Mood_Swing_Sad_Very_Rare--></T>
							<T>5250205359586256192<!--Buff: NeonOcean_S4_Cycle_Buffs_Menstrual_PMS_Mood_Swing_Happy_Rare--></T>
							<T>15606514312717087442<!--Buff: NeonOcean_S4_Cycle_Buffs_Menstrual_PMS_Mood_Swing_Happy_Very_Rare--></T>
						</L>
					</U>
				</V>
			</L>
		</L>
	</V>
	<V n="Rarity" t="enabled">
		<E n="enabled">VeryRare</E>
	</V>
	<U n="CyclePhaseTest">
		<L n="PhaseStates">
			<U>
				<E n="Phase">Luteal</E>
				<V n="StartCompletion" t="enabled">
					<T n="enabled">0.25</T>
				</V>
				<V n="EndCompletion" t="enabled">
					<T n="enabled">0.65</T>
				</V>
			</U>
		</L>
	</U>
</I>