<?xml version="1.0" encoding="utf-8"?>
<I n="NeonOcean.Main.STBL.System.Identifiers" s="16367368475433011969" i="snippet" m="snippets" c="NeonoceanGlobalLanguageIdentifiers">
	<L n="value">
		<U>
			<T n="key">NeonOcean.Main.System.Debug.Write_Failure_Notification.Text</T>
			<T n="value">2688371308</T>
		</U>
		<U>
			<T n="key">NeonOcean.Main.System.Debug.Write_Failure_Notification.Title</T>
			<T n="value">3872543869</T>
		</U>
		<U>
			<T n="key">NeonOcean.Main.System.Distribution.Promotions.Default.Button</T>
			<T n="value">1917080259</T>
		</U>
		<U>
			<T n="key">NeonOcean.Main.System.Distribution.Promotions.Default.Title</T>
			<T n="value">3437846422</T>
		</U>
		<U>
			<T n="key">NeonOcean.Main.System.Distribution.Update_Notification.Button</T>
			<T n="value">773790552</T>
		</U>
		<U>
			<T n="key">NeonOcean.Main.System.Distribution.Update_Notification.Preview_Text</T>
			<T n="value">2579229694</T>
		</U>
		<U>
			<T n="key">NeonOcean.Main.System.Distribution.Update_Notification.Release_Text</T>
			<T n="value">3249107168</T>
		</U>
		<U>
			<T n="key">NeonOcean.Main.System.Distribution.Update_Notification.Title</T>
			<T n="value">2521995782</T>
		</U>
		<U>
			<T n="key">NeonOcean.Main.System.Generic_Dialogs.Open_Browser_Dialog.No_Button</T>
			<T n="value">3112416682</T>
		</U>
		<U>
			<T n="key">NeonOcean.Main.System.Generic_Dialogs.Open_Browser_Dialog.Text</T>
			<T n="value">428220524</T>
		</U>
		<U>
			<T n="key">NeonOcean.Main.System.Generic_Dialogs.Open_Browser_Dialog.Yes_Button</T>
			<T n="value">494723391</T>
		</U>
		<U>
			<T n="key">NeonOcean.Main.System.Interactions.Global.Support_NeonOcean.Display_Name</T>
			<T n="value">2315556564</T>
		</U>
		<U>
			<T n="key">NeonOcean.Main.System.Interactions.Global.Visit_NeonOcean_Site.Display_Name</T>
			<T n="value">2285617695</T>
		</U>
		<U>
			<T n="key">NeonOcean.Main.System.Interactions.Standard.Documentation.Display_Name</T>
			<T n="value">2206841189</T>
		</U>
		<U>
			<T n="key">NeonOcean.Main.System.Interactions.Standard.Reset.Display_Name</T>
			<T n="value">2387917909</T>
		</U>
		<U>
			<T n="key">NeonOcean.Main.System.Interactions.Standard.Visit_Mod_Page.Display_Name</T>
			<T n="value">2023042510</T>
		</U>
		<U>
			<T n="key">NeonOcean.Main.System.Interactions.Support.Dependent.Disabled_Tooltip</T>
			<T n="value">2020374594</T>
		</U>
		<U>
			<T n="key">NeonOcean.Main.System.Interaction_Categories.Main</T>
			<T n="value">2058627662</T>
		</U>
		<U>
			<T n="key">NeonOcean.Main.System.Interaction_Categories.ModSettings</T>
			<T n="value">2849037196</T>
		</U>
		<U>
			<T n="key">NeonOcean.Main.System.Interaction_Categories.NeonOcean</T>
			<T n="value">294089445</T>
		</U>
		<U>
			<T n="key">NeonOcean.Main.System.Loading.Compatibility_Notification.Text</T>
			<T n="value">2090537172</T>
		</U>
		<U>
			<T n="key">NeonOcean.Main.System.Loading.Compatibility_Notification.Title</T>
			<T n="value">3471017138</T>
		</U>
		<U>
			<T n="key">NeonOcean.Main.System.Loading.Failure_Notification.Text</T>
			<T n="value">1936521160</T>
		</U>
		<U>
			<T n="key">NeonOcean.Main.System.Loading.Failure_Notification.Title</T>
			<T n="value">2393611005</T>
		</U>
		<U>
			<T n="key">NeonOcean.Main.System.Loading.Not_Loaded_Notification.Text</T>
			<T n="value">514393927</T>
		</U>
		<U>
			<T n="key">NeonOcean.Main.System.Loading.Not_Loaded_Notification.Title</T>
			<T n="value">4204497415</T>
		</U>
		<U>
			<T n="key">NeonOcean.Main.System.Reset.Confirm_Dialog.Everything_Text</T>
			<T n="value">1707525708</T>
		</U>
		<U>
			<T n="key">NeonOcean.Main.System.Reset.Confirm_Dialog.No_Button</T>
			<T n="value">1903972557</T>
		</U>
		<U>
			<T n="key">NeonOcean.Main.System.Reset.Confirm_Dialog.Settings_Text</T>
			<T n="value">3665527182</T>
		</U>
		<U>
			<T n="key">NeonOcean.Main.System.Reset.Confirm_Dialog.Title</T>
			<T n="value">271565313</T>
		</U>
		<U>
			<T n="key">NeonOcean.Main.System.Reset.Confirm_Dialog.Yes_Button</T>
			<T n="value">1778057160</T>
		</U>
		<U>
			<T n="key">NeonOcean.Main.System.Reset.Dialog.Cancel_Button</T>
			<T n="value">2222916378</T>
		</U>
		<U>
			<T n="key">NeonOcean.Main.System.Reset.Dialog.Everything_Button</T>
			<T n="value">3549731979</T>
		</U>
		<U>
			<T n="key">NeonOcean.Main.System.Reset.Dialog.Settings_Button</T>
			<T n="value">917916835</T>
		</U>
		<U>
			<T n="key">NeonOcean.Main.System.Reset.Dialog.Text</T>
			<T n="value">390686620</T>
		</U>
		<U>
			<T n="key">NeonOcean.Main.System.Reset.Dialog.Title</T>
			<T n="value">1483791726</T>
		</U>
		<U>
			<T n="key">NeonOcean.Main.System.Settings.Boolean.False</T>
			<T n="value">197274219</T>
		</U>
		<U>
			<T n="key">NeonOcean.Main.System.Settings.Boolean.True</T>
			<T n="value">994567696</T>
		</U>
		<U>
			<T n="key">NeonOcean.Main.System.Settings.Values.Check_For_Preview_Updates.Description</T>
			<T n="value">3141814295</T>
		</U>
		<U>
			<T n="key">NeonOcean.Main.System.Settings.Values.Check_For_Preview_Updates.Key_Template</T>
			<T n="value">3566942016</T>
		</U>
		<U>
			<T n="key">NeonOcean.Main.System.Settings.Values.Check_For_Preview_Updates.Name</T>
			<T n="value">2148260899</T>
		</U>
		<U>
			<T n="key">NeonOcean.Main.System.Settings.Values.Check_For_Preview_Updates.Preset_Description</T>
			<T n="value">1262353506</T>
		</U>
		<U>
			<T n="key">NeonOcean.Main.System.Settings.Values.Check_For_Preview_Updates_Default.Description</T>
			<T n="value">1349066852</T>
		</U>
		<U>
			<T n="key">NeonOcean.Main.System.Settings.Values.Check_For_Preview_Updates_Default.Name</T>
			<T n="value">2095510909</T>
		</U>
		<U>
			<T n="key">NeonOcean.Main.System.Settings.Values.Check_For_Updates.Description</T>
			<T n="value">2844347258</T>
		</U>
		<U>
			<T n="key">NeonOcean.Main.System.Settings.Values.Check_For_Updates.Key_Template</T>
			<T n="value">2735491881</T>
		</U>
		<U>
			<T n="key">NeonOcean.Main.System.Settings.Values.Check_For_Updates.Name</T>
			<T n="value">3185005146</T>
		</U>
		<U>
			<T n="key">NeonOcean.Main.System.Settings.Values.Check_For_Updates.Preset_Description</T>
			<T n="value">2903611308</T>
		</U>
		<U>
			<T n="key">NeonOcean.Main.System.Settings.Values.Check_For_Updates_Default.Description</T>
			<T n="value">4291028098</T>
		</U>
		<U>
			<T n="key">NeonOcean.Main.System.Settings.Values.Check_For_Updates_Default.Name</T>
			<T n="value">2747867135</T>
		</U>
		<U>
			<T n="key">NeonOcean.Main.System.Settings.Values.Show_Promotions.Description</T>
			<T n="value">2809387772</T>
		</U>
		<U>
			<T n="key">NeonOcean.Main.System.Settings.Values.Show_Promotions.Name</T>
			<T n="value">3574582702</T>
		</U>
		<U>
			<T n="key">NeonOcean.Main.System.Setting_Dialogs.Apply_Button</T>
			<T n="value">2004428869</T>
		</U>
		<U>
			<T n="key">NeonOcean.Main.System.Setting_Dialogs.Back_Button</T>
			<T n="value">2964364247</T>
		</U>
		<U>
			<T n="key">NeonOcean.Main.System.Setting_Dialogs.Cancel_Button</T>
			<T n="value">2819215232</T>
		</U>
		<U>
			<T n="key">NeonOcean.Main.System.Setting_Dialogs.Check_Updates.All_Mods_Enabled_Button</T>
			<T n="value">245309827</T>
		</U>
		<U>
			<T n="key">NeonOcean.Main.System.Setting_Dialogs.Check_Updates.No_Mods_Enabled_Button</T>
			<T n="value">2153475200</T>
		</U>
		<U>
			<T n="key">NeonOcean.Main.System.Setting_Dialogs.Choice_Button</T>
			<T n="value">3827548930</T>
		</U>
		<U>
			<T n="key">NeonOcean.Main.System.Setting_Dialogs.Invalid_Input_Notification.Text</T>
			<T n="value">2834896300</T>
		</U>
		<U>
			<T n="key">NeonOcean.Main.System.Setting_Dialogs.Invalid_Input_Notification.Title</T>
			<T n="value">4195495932</T>
		</U>
		<U>
			<T n="key">NeonOcean.Main.System.Setting_Dialogs.Preset.Customize_Button</T>
			<T n="value">1107030220</T>
		</U>
		<U>
			<T n="key">NeonOcean.Main.System.Setting_Dialogs.Preset.Text_Documentation_Template</T>
			<T n="value">2193273209</T>
		</U>
		<U>
			<T n="key">NeonOcean.Main.System.Setting_Dialogs.Preset.Text_Template</T>
			<T n="value">2022071340</T>
		</U>
		<U>
			<T n="key">NeonOcean.Main.System.Setting_Dialogs.Preset_Confirm_Dialog.No_Button</T>
			<T n="value">357110736</T>
		</U>
		<U>
			<T n="key">NeonOcean.Main.System.Setting_Dialogs.Preset_Confirm_Dialog.Text</T>
			<T n="value">1848052005</T>
		</U>
		<U>
			<T n="key">NeonOcean.Main.System.Setting_Dialogs.Preset_Confirm_Dialog.Title</T>
			<T n="value">3653191099</T>
		</U>
		<U>
			<T n="key">NeonOcean.Main.System.Setting_Dialogs.Preset_Confirm_Dialog.Yes_Button</T>
			<T n="value">665033797</T>
		</U>
		<U>
			<T n="key">NeonOcean.Main.System.Setting_Dialogs.Standard.Text_Documentation_Template</T>
			<T n="value">1454626666</T>
		</U>
		<U>
			<T n="key">NeonOcean.Main.System.Setting_Dialogs.Standard.Text_Template</T>
			<T n="value">120805506</T>
		</U>
	</L>
</I>