<?xml version="1.0" encoding="utf-8"?>
<I n="NeonOcean_S4_Main_Interactions_Standard_Visit_Mod_Page" s="18251777569411121422" i="interaction" m="NeonOcean.S4.Main.Interactions.Standard" c="VisitModPageInteraction">
	<T n="display_name">2023042510</T>
	<T n="category">12549383167398389681<!--PieMenuCategory: NeonOcean_S4_Main_Interaction_Categories_Main--></T>
	<V n="_saveable" t="disabled" />
	<L n="basic_extras">
		<V t="do_command">
			<U n="do_command">
				<T n="command">neonocean.s4.main.standard.visit_mod_page</T>
			</U>
		</V>
	</L>
	<V n="pie_menu_icon" t="enabled">
		<V n="enabled" t="resource_key">
			<U n="resource_key">
				<T n="key">00B2D882:00000000:314B90A16430EF96</T>
			</U>
		</V>
	</V>
	<L n="ObjectRegistrationInformation">
		<V t="byType">
			<U n="byType">
				<L n="Types">
					<T>Humans</T>
				</L>
			</U>
		</V>
	</L>
</I>