<?xml version="1.0" encoding="utf-8"?>
<I n="NeonOcean_S4_Refer_Interactions_Settings_Mod_Settings" s="9853860704553165930" i="interaction" m="NeonOcean.S4.Refer.Interactions.Settings" c="ModSettingsInteraction">
	<T n="display_name">1661173615</T>
	<T n="category">5245337334449623996<!--PieMenuCategory: NeonOcean_S4_Refer_Interaction_Categories_Refer--></T>
	<V n="_saveable" t="disabled" />
	<L n="basic_extras">
		<V t="do_command">
			<U n="do_command">
				<T n="command">neonocean.s4.refer.settings.show_list</T>
			</U>
		</V>
	</L>
	<V n="pie_menu_icon" t="enabled">
		<V n="enabled" t="resource_key">
			<U n="resource_key">
				<T n="key">00B2D882:00000000:599F4246FCBC675B</T>
			</U>
		</V>
	</V>
	<L n="ObjectRegistrationInformation">
		<V t="byType">
			<U n="byType">
				<L n="Types">
					<T>Humans</T>
				</L>
			</U>
		</V>
	</L>
</I>