<?xml version="1.0" encoding="utf-8"?>
<I n="NeonOcean_S4_Cycle_Object_States_Emergency_Contraceptive_Pill_Unused" s="4550259985461846355" i="object_state" m="objects.components.state" c="ObjectStateValue">
	<U n="new_client_state">
		<V n="change_value" t="enabled">
			<U n="enabled">
				<V n="value_change_type" t="decrease_value">
					<U n="decrease_value">
						<T n="covered_by_insurance">False</T>
					</U>
					<T n="change_percentage">100</T>
				</V>
			</U>
		</V>
	</U>
</I>