<?xml version="1.0" encoding="utf-8"?>
<I n="NeonOcean_S4_Cycle_Snippets_Guides_Human_Menstrual_Effect" s="1672145959132169949" i="snippet" m="snippets" c="NeonoceanS4CycleHumanMenstrualEffectGuide">
	<U n="value">
		<U n="BuffRarity">
			<L n="options">
				<U>
					<T n="identifier">Abstain</T>
					<T n="weight">25</T>
				</U>
				<U>
					<T n="identifier">Common</T>
					<T n="weight">35</T>
				</U>
				<U>
					<T n="identifier">Uncommon</T>
					<T n="weight">25</T>
				</U>
				<U>
					<T n="identifier">Rare</T>
					<T n="weight">10</T>
				</U>
				<U>
					<T n="identifier">VeryRare</T>
					<T n="weight">5</T>
				</U>
			</L>
		</U>
		<L n="BuffCoolDown">
			<U>
				<E n="key">Common</E>
				<U n="value">
					<T n="mean">120</T>
					<T n="standardDeviation">60</T>
				</U>
			</U>
			<U>
				<E n="key">Uncommon</E>
				<U n="value">
					<T n="mean">180</T>
					<T n="standardDeviation">60</T>
				</U>
			</U>
			<U>
				<E n="key">Rare</E>
				<U n="value">
					<T n="mean">240</T>
					<T n="standardDeviation">60</T>
				</U>
			</U>
			<U>
				<E n="key">VeryRare</E>
				<U n="value">
					<T n="mean">360</T>
					<T n="standardDeviation">60</T>
				</U>
			</U>
		</L>
		<U n="AbstainedBuffCoolDown">
			<T n="mean">120</T>
			<T n="standardDeviation">15</T>
		</U>
	</U>
</I>