<?xml version="1.0" encoding="utf-8"?>
<I n="NeonOcean.S4.Debug.Interactions.Settings.Mod_Settings" s="13311720647830675562" i="interaction" m="NeonOcean.S4.Debug.Interactions.Settings" c="ModSettingsInteraction">
	<T n="display_name">1849235357</T>
	<T n="category">9828540712044566059<!--PieMenuCategory: NeonOcean_S4_Debug_Interaction_Categories_Debug--></T>
	<V n="_saveable" t="disabled" />
	<L n="basic_extras">
		<V t="do_command">
			<U n="do_command">
				<T n="command">neonocean.s4.debug.settings.show_list</T>
			</U>
		</V>
	</L>
	<V n="pie_menu_icon" t="enabled">
		<V n="enabled" t="resource_key">
			<U n="resource_key">
				<T n="key">00B2D882:00000000:3DB4B4270D2F0960</T>
			</U>
		</V>
	</V>
	<L n="ObjectRegistrationInformation">
		<V t="byType">
			<U n="byType">
				<L n="Types">
					<T>Humans</T>
				</L>
			</U>
		</V>
	</L>
</I>