{
	"Namespace": "NeonOcean.Main",
	"Name": "Main",
	"Load Controller": "NeonOcean.Main",
	
	"Author": "NeonOcean",
	"Version": "1.1.0",
	"Distribution": "NeonOcean",
	"Rating": "Normal",
	
	"Script Paths": [
		"NeonOcean.Main/NeonOcean.Main.ts4script"
	],

	"Requirements": [],

	"Compatibility": {
		"NeonOcean.Debug": {
			"Lowest Version": "1.1.0",
			"Highest Version": "1.1.0"
		},

		"NeonOcean.Time": {
			"Lowest Version": "1.0.0",
			"Highest Version": "1.0.0"
		},

		"NeonOcean.Cycle": {
			"Lowest Version": "1.0.0",
			"Highest Version": "1.0.0"
		},

		"NeonOcean.Choreography": {
			"Lowest Version": "1.0.0",
			"Highest Version": "1.0.0"
		}
	}
}