<?xml version="1.0" encoding="utf-8"?>
<I n="NeonOcean_S4_Cycle_Objects_Birth_Control_Pills" s="14755685673429230232" i="object" m="objects.game_object" c="GameObject">
	<U n="_components">
	    <V n="carryable" t="enabled" />
		<V n="collectable" t="enabled">
			<U n="enabled">
				<V n="override_slot_placement" t="No_slot_override" />
			</U>
		</V>
		<V n="focus" t="enabled">
			<U n="enabled">
				<T n="_focus_bone">_focus_</T>
				<V n="_focus_score" t="globally">
					<U n="globally">
						<E n="base">LOW</E>
					</U>
				</V>
			</U>
		</V>
		<V n="inventory_item" t="enabled">
			<U n="enabled">
				<T n="skip_carry_pose">True</T>
				<E n="stack_scheme">NONE</E>
				<L n="valid_inventory_types">
					<E>SIM</E>
					<E>MAILBOX</E>
					<E>STORAGE_CHEST</E>
				</L>
			</U>
		</V>
		<V n="state" t="enabled">
			<U n="enabled">
				<L n="states">
					<U>
						<L n="client_states">
							<U>
								<T n="key">39478<!--CommodityBasedObjectStateValue: FireState_Burn_Incinerate_Burning--></T>
							</U>
							<U>
								<T n="key">39479<!--CommodityBasedObjectStateValue: FireState_Burn_Incinerate--></T>
							</U>
							<U>
								<T n="key">39612<!--CommodityBasedObjectStateValue: FireState_Burn_Incinerate_Not_Burning--></T>
							</U>
						</L>
						<V n="default_value" t="reference">
							<T n="reference">39612<!--CommodityBasedObjectStateValue: FireState_Burn_Incinerate_Not_Burning--></T>
						</V>
					</U>
					<U>
						<L n="client_states">
							<U>
								<T n="key">131794<!--ObjectStateValue: Kelpto_Stolen_Object--></T>
							</U>
							<U>
								<T n="key">131795<!--ObjectStateValue: Klepto_Not_Stolen_Object--></T>
							</U>
						</L>
						<V n="default_value" t="reference">
							<T n="reference">131795<!--ObjectStateValue: Klepto_Not_Stolen_Object--></T>
						</V>
					</U>
					<U>
						<L n="client_states">
							<U>
								<T n="key">4635349866866261934<!--CommodityBasedObjectStateValue: NeonOcean_S4_Cycle_Objects_Birth_Control_Pills--></T>
							</U>
						</L>
						<V n="default_value" t="reference">
							<T n="reference">4635349866866261934<!--CommodityBasedObjectStateValue: NeonOcean_S4_Cycle_Objects_Birth_Control_Pills--></T>
						</V>
					</U>
				</L>
			</U>
		</V>
		<V n="tooltip_component" t="enabled">
			<U n="enabled">
				<L n="custom_tooltips">
					<U>
						<L n="tooltip_fields">
							<U>
								<E n="key">recipe_name</E>
								<U n="value">
									<V n="text" t="single">
										<T n="single">0x4F918F8<!--String: "{0.ObjectName}"--></T>
									</V>
									<V n="text_tokens" t="enabled">
										<U n="enabled">
											<L n="tokens">
												<V t="participant_type">
													<U n="participant_type">
														<V n="objects" t="from_participant">
															<U n="from_participant">
																<E n="participant">Object</E>
															</U>
														</V>
													</U>
												</V>
											</L>
										</U>
									</V>
								</U>
							</U>
							<U>
								<E n="key">recipe_description</E>
								<U n="value">
									<V n="text" t="single">
										<T n="single">0xE2E9872D<!--String: "{0.ObjectDescription}"--></T>
									</V>
									<V n="text_tokens" t="enabled">
										<U n="enabled">
											<L n="tokens">
												<V t="participant_type">
													<U n="participant_type">
														<V n="objects" t="from_participant">
															<U n="from_participant">
																<E n="participant">Object</E>
															</U>
														</V>
													</U>
												</V>
											</L>
										</U>
									</V>
								</U>
							</U>
						</L>
						<E n="tooltip_style">HOVER_TIP_CUSTOM_OBJECT</E>
					</U>
				</L>
				<T n="update_if_stat_or_buck_changes">True</T>
			</U>
		</V>
	</U>
	<L n="_super_affordances">
		<T>13328<!--CommandSuperInteraction: debug_Reset--></T>
		<T>13326<!--CommandSuperInteraction: debug_ObjectDestroy--></T>
		<T>103888<!--CommandSuperInteraction: cheat_set_as_head--></T>
	</L>
</I>