<?xml version="1.0" encoding="utf-8"?>
<I n="NeonOcean_S4_Cycle_Buffs_Menstrual_Vaginal_Bleeding" s="3657798570039347343" i="buff" m="NeonOcean.S4.Cycle.Buffs.Menstrual" c="MenstrualBuff">
	<T n="buff_name">0x12D11F28</T>
	<T n="buff_description">0x3A34728F</T>
	<T n="icon">00B2D882:00000000:88A9B0F250DA4848</T>
	<V n="_temporary_commodity_info" t="enabled">
		<U n="enabled">
			<L n="categories">
				<E>Uncomfortable_Buffs</E>
			</L>
			<T n="max_duration">120</T>
		</U>
	</V>
	<T n="mood_type">14646<!--Mood: Mood_Uncomfortable--></T>
	<T n="mood_weight">1</T>
	<T n="audio_sting_on_add" p="InGame\Audio\Stings\sting_buff_gain.propx">39B2AA4A:00000000:8AF8B916CF64C646</T>
	<T n="audio_sting_on_remove" p="InGame\Audio\Stings\sting_buff_loss.propx">39B2AA4A:00000000:3BF33216A25546EA</T>
	<V n="_add_test_set" t="tests_set">
		<L n="tests_set">
			<L>
				<V t="buff">
					<U n="buff">
						<L n="blacklist">
							<T>5613412734216387764<!--Buff: NeonOcean_S4_Cycle_Buffs_Menstrual_Light_Vaginal_Bleeding--></T>
							<T>3657798570039347343<!--Buff: NeonOcean_S4_Cycle_Buffs_Menstrual_Vaginal_Bleeding--></T>
							<T>8211518645766463972<!--Buff: NeonOcean_S4_Cycle_Buffs_Menstrual_Heavy_Vaginal_Bleeding--></T>
							<T>4879761694497660078<!--Buff: NeonOcean_S4_Cycle_Buffs_Menstrual_Severe_Vaginal_Bleeding--></T>
						</L>
					</U>
				</V>
			</L>
		</L>
	</V>
	<E n="Rarity">Uncommon</E>
	<U n="CyclePhaseTest">
		<L n="PhaseStates">
			<U>
				<E n="Phase">Menstruation</E>
				<V n="StartCompletion" t="enabled">
					<T n="enabled">0.1</T>
				</V>
				<V n="EndCompletion" t="enabled">
					<T n="enabled">0.9</T>
				</V>
			</U>
		</L>
	</U>
</I>