<?xml version="1.0" encoding="utf-8"?>
<I n="NeonOcean_S4_Cycle_Interactions_Dot_Download" s="479149885585673948" i="interaction" m="NeonOcean.S4.Cycle.Interactions.Dot" c="DownloadInteraction">
	<T n="display_name">1380079055</T>
	<V n="display_tooltip" t="enabled">
		<T n="enabled">3732136531</T>
	</V>
	<T n="pie_menu_priority">9</T>
	<T n="category">5578830624020538538<!--PieMenuCategory: NeonOcean_S4_Cycle_Interaction_Categories_Phone_Dot_App--></T>
	<V n="_saveable" t="disabled" />
	<L n="test_globals">
		<V t="sim_info">
			<U n="sim_info">
				<V n="ages" t="specified">
					<L n="specified">
						<E>TEEN</E>
						<E>YOUNGADULT</E>
						<E>ADULT</E>
					</L>
				</V>
				<E n="who">Actor</E>
			</U>
		</V>
	</L>
	<L n="basic_extras">
		<V t="do_command">
			<U n="do_command">
				<L n="arguments">
					<V t="participant">
						<U n="participant">
							<E n="argument">Actor</E>
						</U>
					</V>
				</L>
				<T n="command">neonocean.s4.cycle.dot.enable</T>
			</U>
		</V>
	</L>
	<V n="RequiredDotEnabledState" t="enabled">
		<T t="enabled">False</T>
	</V>
	<L n="ObjectRegistrationInformation">
		<V t="byType">
			<U n="byType">
				<L n="Types">
					<T>Humans</T>
				</L>
				<T n="InteractionListAttribute">_phone_affordances</T>
			</U>
		</V>
	</L>
</I>