{
	"Namespace": "NeonOcean.S4.Order",
	"Name": "Order",
	"Author": "NeonOcean",
	"Version": "1.4.2",
	"Rating": "Normal",
	"LoadController": "NeonOcean.S4.Order",
	"Distribution": {
		"UpdatesController": "NeonOcean",
		"UpdatesFileURL": "http://dist.mods.neonoceancreations.com/mods/latest.json",
		"DownloadURL": "https://www.neonoceancreations.com/mods/s4/order",
		"PreviewDownloadURL": "https://www.patreon.com/NeonOcean/posts?tag=Order%20Preview"
	},
	"ScriptPaths": [
		{
			"Root": "Mods",
			"Path": "--NeonOcean.S4.Order.ts4script"
		}
	],
	"BuildDate": "2020-07-19",
	"BuildGameVersion": "1.64.84.1020"
}