<?xml version="1.0" encoding="utf-8"?>
<I n="NeonOcean_S4_Cycle_Interactions_Emergency_Contraceptive_Pill_Take_Pill" s="6462438557449988895" i="interaction" m="NeonOcean.S4.Cycle.Interactions.EmergencyContraceptivePill" c="TakePillInteraction">
	<T n="display_name">2614700008</T>
	<T n="pie_menu_priority">5</T>
	<V n="pie_menu_icon" t="enabled">
		<V n="enabled" t="resource_key">
			<U n="resource_key">
				<T n="key" p="InGame\UI\Icons\PieMenu\Interactions\icon_pieMenu_immediateInteraction.png">2f7d0004:00000000:25eea5cdba6a6fd6</T>
			</U>
		</V>
	</V>
	<V n="_saveable" t="disabled" />
	<T n="allow_from_sim_inventory">True</T>
	<L n="basic_extras">
		<V t="do_command">
			<U n="do_command">
				<L n="arguments">
					<V t="participant">
						<U n="participant">
							<E n="argument">Actor</E>
						</U>
					</V>
					<V t="participant">
						<U n="participant">
							<E n="argument">Object</E>
						</U>
					</V>
				</L>
				<T n="command">neonocean.s4.cycle.emergency_contraceptive_pill.take_pill</T>
			</U>
		</V>
	</L>
	<L n="test_globals">
		<V t="sim_info">
			<U n="sim_info">
				<V n="ages" t="specified">
					<L n="specified">
						<E>TEEN</E>
						<E>YOUNGADULT</E>
						<E>ADULT</E>
					</L>
				</V>
				<V n="species" t="specified">
					<U n="specified">
						<L n="species">
							<E />
						</L>
					</U>
				</V>
				<E n="who">Actor</E>
			</U>
		</V>
	</L>
</I>