<?xml version="1.0" encoding="utf-8"?>
<I n="NeonOcean_S4_Refer_Interactions_Standard_Reset" s="9932150252793753271" i="interaction" m="NeonOcean.S4.Refer.Interactions.Standard" c="ResetInteraction">
	<T n="display_name">45755168</T>
	<T n="category">5245337334449623996<!--PieMenuCategory: NeonOcean_S4_Cycle_Interaction_Categories_Cycle--></T>
	<V n="_saveable" t="disabled" />
	<L n="basic_extras">
		<V t="do_command">
			<U n="do_command">
				<T n="command">neonocean.s4.refer.standard.reset</T>
			</U>
		</V>
	</L>
	<L n="ObjectRegistrationInformation">
		<V t="byType">
			<U n="byType">
				<L n="Types">
					<T>Humans</T>
				</L>
			</U>
		</V>
	</L>
</I>