<?xml version="1.0" encoding="utf-8"?>
<I n="NeonOcean_S4_Cycle_Interactions_Birth_Control_Pills_Read_Instructions" s="15999496109540100254" i="interaction" m="NeonOcean.S4.Cycle.Interactions.EmergencyContraceptivePill" c="ReadInstructionsInteraction">
	<T n="display_name">262544983</T>
	<T n="pie_menu_priority">5</T>
	<V n="pie_menu_icon" t="enabled">
		<V n="enabled" t="resource_key">
			<U n="resource_key">
				<T n="key" p="InGame\UI\Icons\PieMenu\Interactions\icon_pieMenu_immediateInteraction.png">2f7d0004:00000000:25eea5cdba6a6fd6</T>
			</U>
		</V>
	</V>
	<V n="_saveable" t="disabled" />
	<T n="allow_from_sim_inventory">True</T>
	<L n="basic_extras">
		<V t="notification">
			<U n="notification">
				<V n="dialog" t="single">
					<V n="single" t="literal">
						<U n="literal">
							<V n="icon" t="enabled">
								<V n="enabled" t="participant">
									<U n="participant">
										<L n="participant_type">
											<E>Object</E>
										</L>
									</U>
								</V>
							</V>
							<V n="title" t="enabled">
								<T n="enabled">3860429037</T>
							</V>
							<V n="text" t="single">
								<T n="single">3479619943</T>
							</V>
							<E n="visual_type">SPEECH</E>
						</U>
					</V>
				</V>
				<T n="limit_to_one_notification">True</T>
			</U>
		</V>
	</L>
</I>