{
	"Namespace": "NeonOcean.S4.Refer",
	"Name": "Refer",
	"Information": "NeonOcean.S4.Refer/NeonOcean.S4.Refer-NeonOcean-Mod.json",
	"Packages": [
		{
			"FileName": "NeonOcean.S4.Refer-Package.package",
			"MergeRoot": "NeonOcean.S4.Refer"
		}
	],
	"Publishing": {
		"InstallerFileName": "NeonOcean.S4.Refer-Installer-v{0}.exe",
		"FilesFileName": "NeonOcean.S4.Refer-Files-v{0}.zip",
		"SourcesFileName": "NeonOcean.S4.Refer-Sources-v{0}.zip"
	},
	"Python": {
		"ArchiveFileName": "NeonOcean.S4.Refer.archive",
		"SourceRoot": "",
		"SourceTarget": "NeonOcean",
		"SourceExcluded": [],
		"MergeRoot": "NeonOcean.S4.Refer"
	},
	"Uninstall": "NeonOcean.S4.Refer/NeonOcean.S4.Refer-Uninstall.exe",
	"UninstallFiles": "NeonOcean.S4.Refer/NeonOcean.S4.Refer-Uninstall-Files.xml"
}