<?xml version="1.0" encoding="utf-8"?>
<I n="NeonOcean_S4_Cycle_Interactions_Debug_Clear_Sperm" s="5096305894216475349" i="interaction" m="NeonOcean.S4.Cycle.Interactions.Debug" c="ClearSpermInteraction">
	<T n="display_name">2073903961</T>
	<T n="category">5721909071116079353<!--PieMenuCategory: NeonOcean_S4_Cycle_Interaction_Categories_Debug--></T>
	<V n="_saveable" t="disabled" />
	
	<L n="basic_extras">
		<V t="do_command">
			<U n="do_command">
				<L n="arguments">
					<V t="participant">
						<U n="participant">
							<E n="argument">TargetSim</E>
						</U>
					</V>
				</L>
				<T n="command">neonocean.s4.cycle.clear_sperm</T>
			</U>
		</V>
	</L>
	<L n="ObjectRegistrationInformation">
		<V t="byType">
			<U n="byType">
				<L n="Types">
					<T>Humans</T>
				</L>
			</U>
		</V>
	</L>
</I>