<?xml version="1.0" encoding="utf-8"?>
<I n="NeonOcean_S4_Cycle_Snippets_STBL_Debug_Identifiers" s="10419534746662600956" i="snippet" m="snippets" c="NeonoceanS4GlobalLanguageIdentifiers">
	<L n="value">
		<U>
			<T n="key">NeonOcean.S4.Cycle.Interaction_Categories.Debug</T>
			<T n="value">2588491598</T>
		</U>
		<U>
			<T n="key">NeonOcean.S4.Cycle.Interactions.Debug.Add_Ovum.Display_Name</T>
			<T n="value">1010450959</T>
		</U>
		<U>
			<T n="key">NeonOcean.S4.Cycle.Interactions.Debug.Add_Sperm_Picker.Display_Name</T>
			<T n="value">886048416</T>
		</U>
		<U>
			<T n="key">NeonOcean.S4.Cycle.Interactions.Debug.Clear_Ova.Display_Name</T>
			<T n="value">4073066700</T>
		</U>
		<U>
			<T n="key">NeonOcean.S4.Cycle.Interactions.Debug.Clear_Sperm.Display_Name</T>
			<T n="value">2073903961</T>
		</U>
		<U>
			<T n="key">NeonOcean.S4.Cycle.Interactions.Debug.End_Pregnancy.Display_Name</T>
			<T n="value">1985880094</T>
		</U>
		<U>
			<T n="key">NeonOcean.S4.Cycle.Interactions.Debug.Make_Pregnant_Picker.Display_Name</T>
			<T n="value">1977150230</T>
		</U>
		<U>
			<T n="key">NeonOcean.S4.Cycle.Interactions.Debug.Set_Cycle_Progress_Dialog.Display_Name</T>
			<T n="value">3200036637</T>
		</U>
		<U>
			<T n="key">NeonOcean.S4.Cycle.Interactions.Debug.Set_Pregnancy_Progress_Dialog.Display_Name</T>
			<T n="value">3809504251</T>
		</U>
		<U>
			<T n="key">NeonOcean.S4.Cycle.Interactions.Debug.Show_Reproductive_Info.Display_Name</T>
			<T n="value">1179148787</T>
		</U>
		<U>
			<T n="key">NeonOcean.S4.Cycle.Set_Cycle_Progress_Dialog.Cancel_Button</T>
			<T n="value">2000954426</T>
		</U>
		<U>
			<T n="key">NeonOcean.S4.Cycle.Set_Cycle_Progress_Dialog.Ok_Button</T>
			<T n="value">4162700952</T>
		</U>
		<U>
			<T n="key">NeonOcean.S4.Cycle.Set_Cycle_Progress_Dialog.Text</T>
			<T n="value">621857480</T>
		</U>
		<U>
			<T n="key">NeonOcean.S4.Cycle.Set_Cycle_Progress_Dialog.Title</T>
			<T n="value">1906675665</T>
		</U>
		<U>
			<T n="key">NeonOcean.S4.Cycle.Set_Pregnancy_Progress_Dialog.Cancel_Button</T>
			<T n="value">1752626355</T>
		</U>
		<U>
			<T n="key">NeonOcean.S4.Cycle.Set_Pregnancy_Progress_Dialog.Ok_Button</T>
			<T n="value">2520170562</T>
		</U>
		<U>
			<T n="key">NeonOcean.S4.Cycle.Set_Pregnancy_Progress_Dialog.Text</T>
			<T n="value">2571550985</T>
		</U>
		<U>
			<T n="key">NeonOcean.S4.Cycle.Set_Pregnancy_Progress_Dialog.Title</T>
			<T n="value">1673336922</T>
		</U>
	</L>
</I>