<?xml version="1.0" encoding="utf-8"?>
<I n="NeonOcean_S4_Order_Interactions_Standard_Documentation" s="3837301174315863591" i="interaction" m="NeonOcean.S4.Order.Interactions.Standard" c="DocumentationInteraction">
	<T n="display_name">3146042648</T>
	<T n="category">10635246917734688906<!--PieMenuCategory: NeonOcean_S4_Order_Interaction_Categories_Order--></T>
	<V n="_saveable" t="disabled" />
	<L n="basic_extras">
		<V t="do_command">
			<U n="do_command">
				<T n="command">neonocean.s4.order.standard.documentation</T>
			</U>
		</V>
	</L>
	<L n="ObjectRegistrationInformation">
		<V t="byObjectInstanceID">
			<U n="byObjectInstanceID">
				<L n="InstanceIDs">
					<T>14965</T>
				</L>
			</U>
		</V>
	</L>
</I>